"","team_name","PlayerName","PA","OPS","wRC_plus","xwOBA","WAR","WPA","WPA_LI","Clutch","highlight"
"1","NYY","Aaron Judge",422,1.1867,216.1701,0.462,7.1299,3.3914,4.8691,-1.2443,"Other"
"2","SEA","Cal Raleigh",406,1.022,180.7237,0.386,6.1747,2.9382,3.9068,-1.2467,"Other"
"3","CHC","Pete Crow-Armstrong",392,0.8616,137.4186,0.354,5.0323,1.9646,1.8118,0.2539,"Highlight"
"4","KCR","Bobby Witt Jr.",412,0.8578,129.2795,0.387,4.8418,2.2135,2.3819,-0.2002,"Other"
"5","LAD","Shohei Ohtani",429,0.9975,170.6229,0.43,4.3465,4.2735,3.6016,0.7757,"Other"
"6","HOU","Jeremy Peña",350,0.8672,143.8456,0.35,3.9942,1.338,1.5431,-0.2012,"Other"
"7","SDP","Fernando Tatis Jr.",404,0.8128,130.7831,0.393,3.9677,2.717,2.1862,0.4561,"Highlight"
"8","CHC","Kyle Tucker",413,0.8931,148.8861,0.392,3.8781,3.0739,2.5705,0.7071,"Highlight"
"9","WSN","James Wood",415,0.9269,154.945,0.401,3.8466,3.1085,2.5962,0.6223,"Highlight"
"10","NYM","Francisco Lindor",421,0.8,126.2133,0.348,3.7942,1.1725,1.4985,-0.286,"Other"
"11","PHI","Trea Turner",414,0.7823,117.7806,0.33,3.7437,1.0192,1.8637,-0.8167,"Other"
"12","ARI","Corbin Carroll",351,0.8914,142.7684,0.386,3.6628,1.0048,1.5534,-0.5362,"Highlight"
"13","CLE","José Ramírez",382,0.8756,138.069,0.35,3.6403,2.0909,2.4267,-0.2652,"Other"
"14","LAD","Will Smith",296,0.9782,174.3964,0.405,3.5529,2.7023,2.7054,-0.194,"Other"
"15","MIN","Byron Buxton",324,0.8828,140.6085,0.353,3.4195,2.0395,2.4209,-0.3008,"Other"
"16","ARI","Ketel Marte",292,0.9796,169.4012,0.429,3.3523,1.8266,2.4163,-0.5448,"Other"
"17","CIN","Elly De La Cruz",407,0.8532,129.6151,0.356,3.3273,1.9786,0.8495,1.1735,"Other"
"18","BOS","Ceddanne Rafaela",334,0.7916,113.7844,0.348,3.3051,1.2749,0.5558,0.6758,"Other"
"19","SDP","Manny Machado",400,0.8469,138.7838,0.389,3.1501,1.1823,1.5527,-0.4512,"Other"
"20","TOR","Alejandro Kirk",312,0.7803,119.1671,0.373,3.1156,1.3457,0.4222,0.8618,"Other"
"21","DET","Zach McKinstry",323,0.8314,132.2147,0.323,3.0359,0.9956,0.8981,0.2245,"Other"
"22","ARI","Geraldo Perdomo",418,0.7877,122.2241,0.346,3.0239,1.5085,1.0144,0.5067,"Other"
"23","NYY","Cody Bellinger",368,0.8382,131.2651,0.342,2.9831,-0.034,0.6686,-0.7043,"Other"
"24","WSN","CJ Abrams",359,0.8408,135.3208,0.348,2.9605,1.2741,1.4517,-0.1458,"Other"
"25","PHI","Kyle Schwarber",416,0.9444,159.5373,0.426,2.9535,1.9851,2.8407,-0.867,"Other"
"26","NYM","Juan Soto",415,0.91,156.5492,0.457,2.9333,2.1676,4.1289,-2.0025,"Highlight"
"27","DET","Riley Greene",389,0.8634,139.2491,0.357,2.886,0.4632,1.9694,-1.4714,"Other"
"28","ATH","Jacob Wilson",357,0.8475,134.6169,0.312,2.8718,1.7519,1.3471,0.4015,"Other"
"29","LAD","Andy Pages",369,0.8035,123.1646,0.335,2.8601,0.2256,0.6583,-0.4145,"Highlight"
"30","NYM","Pete Alonso",415,0.9072,155.6111,0.416,2.8498,3.3046,1.9058,1.264,"Other"
"31","BOS","Carlos Narváez",282,0.7875,116.1058,0.309,2.8053,0.2326,-0.1649,0.4244,"Other"
"32","ATL","Matt Olson",410,0.8377,134.1757,0.384,2.7788,1.5499,1.7378,-0.3177,"Other"
"33","HOU","Isaac Paredes",394,0.8253,132.8845,0.334,2.7248,0.6048,1.6005,-0.9724,"Other"
"34","CHC","Michael Busch",334,0.9297,161.3352,0.399,2.6763,1.1048,1.8973,-0.6587,"Other"
"35","NYY","Jazz Chisholm Jr.",264,0.8719,142.4813,0.388,2.6154,0.7181,1.4753,-0.713,"Other"
"36","TEX","Corey Seager",276,0.8575,139.1716,0.434,2.5666,0.4735,1.5344,-1.0695,"Other"
"37","HOU","Jake Meyers",322,0.7736,120.1486,0.334,2.5349,0.8565,0.1466,0.7335,"Other"
"38","STL","Masyn Winn",349,0.7038,100.0217,0.304,2.5262,-1.2438,-0.1176,-1.1264,"Other"
"39","STL","Brendan Donovan",379,0.7966,125.6363,0.366,2.5002,-0.2383,0.565,-0.8189,"Other"
"40","SFG","Matt Chapman",298,0.7905,127.8589,0.363,2.4902,0.2849,0.5005,-0.2386,"Other"
"41","BAL","Gunnar Henderson",365,0.7995,123.0599,0.339,2.472,1.4144,0.4652,1.2317,"Other"
"42","MIL","Sal Frelick",379,0.7553,115.6784,0.308,2.4628,0.3385,0.9591,-0.6104,"Other"
"43","KCR","Maikel Garcia",378,0.8181,125.3423,0.346,2.4616,0.0838,0.3594,-0.2784,"Other"
"44","ARI","Eugenio Suárez",383,0.863,134.5392,0.34,2.4065,1.9761,1.1884,0.7496,"Other"
"45","SEA","J.P. Crawford",398,0.7744,130.5954,0.351,2.3918,1.2834,0.7102,0.5165,"Other"
"46","SEA","Randy Arozarena",401,0.7928,130.2881,0.356,2.3835,0.5225,1.3406,-0.8559,"Other"
"47","BOS","Alex Bregman",230,0.9348,154.6127,0.355,2.3817,-0.0635,1.246,-1.3009,"Other"
"48","CHC","Nico Hoerner",369,0.7105,102.7328,0.304,2.3345,0.9176,0.1701,0.8541,"Other"
"49","ATL","Ronald Acuña Jr.",184,1.0404,189.8614,0.41,2.3272,1.0166,2.0272,-0.9464,"Highlight"
"50","TBR","Jonathan Aranda",354,0.8979,153.665,0.401,2.2876,1.4533,1.7821,-0.2719,"Other"
"51","NYY","Austin Wells",283,0.7484,103.442,0.306,2.2792,-0.0339,-0.021,-0.0129,"Other"
"52","SEA","Julio Rodríguez",420,0.6946,100.047,0.33,2.2643,-0.8115,0.1869,-0.8983,"Other"
"53","DET","Gleyber Torres",350,0.7952,128.9466,0.39,2.256,0.9206,1.4886,-0.3601,"Other"
"54","BAL","Ryan O'Hearn",313,0.8461,138.7386,0.379,2.2536,2.056,1.9211,0.1577,"Other"
"55","LAD","Max Muncy",315,0.8316,134.9462,0.392,2.2476,1.641,1.1649,0.6145,"Other"
"56","SDP","Xander Bogaerts",371,0.7059,102.4402,0.335,2.2375,0.0337,-0.2853,0.3167,"Other"
"57","CHC","Seiya Suzuki",398,0.8663,138.0615,0.367,2.2076,0.0989,1.6679,-1.5632,"Other"
"58","TOR","Ernie Clement",333,0.7162,99.7008,0.298,2.1813,-0.8658,-0.6573,-0.202,"Other"
"59","ATL","Sean Murphy",216,0.8279,126.8938,0.347,2.1501,1.5164,0.639,0.5947,"Other"
"60","MIA","Kyle Stowers",337,0.8592,136.8912,0.382,2.1494,0.5241,0.8069,-0.3425,"Other"
"61","TOR","Vladimir Guerrero Jr.",406,0.8232,130.734,0.404,2.129,1.5016,1.7912,-0.2635,"Other"
"62","NYM","Brandon Nimmo",375,0.7919,124.1556,0.344,2.1283,-0.6335,0.5209,-1.1514,"Other"
"63","ATL","Drake Baldwin",206,0.8409,136.2369,0.37,2.1163,-0.2242,0.5142,-0.7305,"Other"
"64","CLE","Steven Kwan",394,0.7461,111.1056,0.317,2.0984,-0.0708,0.4992,-0.5754,"Other"
"65","STL","Willson Contreras",376,0.7739,120.3915,0.372,2.0748,0.6563,0.4015,0.2333,"Other"
"66","BOS","Wilyer Abreu",298,0.8307,121.6866,0.362,2.0734,0.2531,0.7479,-0.5139,"Other"
"67","TEX","Wyatt Langford",323,0.7672,113.3257,0.347,2.0542,0.4379,0.4341,0.0306,"Other"
"68","CIN","TJ Friedl",402,0.7623,113.0533,0.305,2.05,0.3263,0.5671,-0.2212,"Other"
"69","TBR","Junior Caminero",377,0.8001,118.4964,0.338,2.0391,-0.2211,0.446,-0.654,"Other"
"70","COL","Hunter Goodman",340,0.8423,119.8267,0.334,1.9932,1.1076,0.3833,0.6755,"Other"
"71","CHC","Carson Kelly",226,0.8673,144.5731,0.363,1.992,0.1682,0.3363,-0.1396,"Other"
"72","TEX","Josh Smith",332,0.7847,121.7095,0.336,1.9735,-0.1279,0.7434,-0.8791,"Other"
"73","TOR","Addison Barger",261,0.8192,123.5887,0.368,1.9653,0.4576,0.2916,0.166,"Other"
"74","- - -","Rafael Devers",434,0.8583,136.2763,0.382,1.9629,0.5737,1.6747,-1.1769,"Other"
"75","ATH","Lawrence Butler",399,0.752,105.948,0.31,1.9587,-1.0098,0.1998,-1.2178,"Other"
"76","CHC","Dansby Swanson",392,0.7268,102.5824,0.346,1.9362,-1.3722,0.2827,-1.7745,"Other"
"77","ARI","Gabriel Moreno",188,0.7383,106.364,0.339,1.935,-0.4648,-0.3956,-0.0789,"Other"
"78","ATL","Austin Riley",408,0.7642,112.6677,0.345,1.9287,-1.4321,0.3566,-1.6876,"Other"
"79","MIL","William Contreras",381,0.6995,101.574,0.323,1.926,0.547,0.4638,0.1426,"Other"
"80","LAD","Freddie Freeman",347,0.84,133.2343,0.355,1.924,1.6657,1.2534,0.3816,"Other"
"81","MIA","Otto Lopez",319,0.7052,96.2952,0.362,1.9214,0.5703,-0.3252,0.8525,"Other"
"82","MIL","Jackson Chourio",416,0.7437,105.8548,0.305,1.9107,0.0506,0.0505,0.0036,"Other"
"83","TOR","George Springer",350,0.8692,141.5903,0.4,1.8893,2.4169,1.9925,0.3284,"Other"
"84","DET","Dillon Dingler",261,0.7108,98.8932,0.343,1.8859,0.3384,-0.0933,0.4648,"Other"
"85","NYY","Trent Grisham",305,0.8289,134.1231,0.375,1.8818,2.173,1.3819,1.0291,"Other"
"86","MIL","Brice Turang",384,0.709,104.0982,0.327,1.855,-0.5788,-0.223,-0.3542,"Other"
"87","MIL","Isaac Collins",222,0.7671,121.9284,0.315,1.8458,-0.2637,0.083,-0.3506,"Other"
"88","TOR","Bo Bichette",412,0.7618,110.5043,0.375,1.8404,1.509,0.5404,0.9082,"Other"
"89","SFG","Willy Adames",399,0.6931,96.8885,0.329,1.817,0.9067,0.0342,0.82,"Other"
"90","LAA","Zach Neto",319,0.813,122.1764,0.362,1.8125,0.1151,0.0967,0.0108,"Other"
"91","ATH","Brent Rooker",418,0.8389,130.2212,0.389,1.7925,-0.0609,0.8813,-0.9463,"Other"
"92","HOU","Cam Smith",314,0.7784,120.3329,0.344,1.7865,1.488,0.6007,0.9507,"Other"
"93","MIN","Harrison Bader",263,0.7605,112.7683,0.307,1.7737,0.7673,-0.1588,0.897,"Other"
"94","BAL","Ramón Laureano",230,0.8478,135.0831,0.35,1.7627,0.2204,0.7744,-0.5381,"Other"
"95","DET","Spencer Torkelson",374,0.8295,127.4626,0.363,1.7596,1.2914,1.1425,0.2768,"Other"
"96","HOU","Mauricio Dubón",207,0.6964,92.6633,0.273,1.7482,-0.3652,-0.8722,0.5183,"Other"
"97","SFG","Patrick Bailey",243,0.5643,60.5481,0.271,1.7021,0.0169,-1.0091,1.0236,"Other"
"98","LAD","Mookie Betts",382,0.7094,99.0129,0.33,1.6769,-0.0943,0.3536,-0.4455,"Other"
"99","TEX","Marcus Semien",392,0.6778,92.1809,0.332,1.6608,0.2301,-0.5191,0.7496,"Other"
"100","PIT","Oneil Cruz",355,0.728,99.6862,0.364,1.6361,0.4041,0.4429,-0.0713,"Other"
"101","STL","Victor Scott II",315,0.642,86.4585,0.287,1.6107,-0.1087,-0.9259,0.8063,"Other"
"102","LAA","Taylor Ward",398,0.7759,110.5372,0.333,1.5702,-0.1787,0.6623,-0.8214,"Other"
"103","STL","Iván Herrera",171,0.9251,160.6323,0.379,1.5648,2.3919,1.2825,1.0011,"Other"
"104","SFG","Jung Hoo Lee",377,0.7198,103.2403,0.322,1.5604,0.1286,0.2294,-0.1053,"Other"
"105","DET","Javier Báez",280,0.7487,108.5536,0.297,1.5311,0.7711,0.3074,0.5683,"Other"
"106","TBR","Yandy Díaz",396,0.7939,120.5375,0.37,1.5297,0.3762,0.9204,-0.5583,"Other"
"107","SDP","Jake Cronenworth",265,0.7554,119.9464,0.322,1.5131,0.4313,0.2832,0.1221,"Other"
"108","ARI","Josh Naylor",360,0.8229,127.3472,0.357,1.5091,1.4846,0.9458,0.4905,"Other"
"109","DET","Colt Keith",287,0.7854,120.8964,0.368,1.5049,0.6768,0.2429,0.5514,"Other"
"110","PHI","Alec Bohm",377,0.7228,100.9785,0.324,1.4994,-0.2723,-0.6956,0.4337,"Other"
"111","BOS","Trevor Story",378,0.7074,91.5571,0.309,1.4476,-0.5153,-0.4027,-0.1013,"Other"
"112","NYY","Paul Goldschmidt",359,0.7947,120.6916,0.352,1.4353,-0.2709,0.5936,-0.8995,"Other"
"113","ATH","Tyler Soderstrom",387,0.8043,120.8127,0.359,1.4312,0.9136,0.8024,0.1046,"Other"
"114","TBR","Brandon Lowe",343,0.811,125.1042,0.357,1.4119,1.0292,1.2902,-0.3013,"Other"
"115","MIL","Caleb Durbin",267,0.7124,106.5015,0.31,1.3766,1.6419,0.4869,1.0356,"Other"
"116","PHI","Bryce Harper",293,0.8139,127.9575,0.382,1.3606,1.5954,0.6879,0.9384,"Other"
"117","BOS","Jarren Duran",430,0.7447,101.4824,0.328,1.3531,-0.5759,0.4006,-0.9474,"Other"
"118","NYY","Ben Rice",301,0.7943,122.2358,0.409,1.3402,-0.5244,0.7059,-1.2711,"Other"
"119","ATL","Nick Allen",277,0.583,68.4782,0.267,1.3323,-1.5031,-1.7148,0.0759,"Other"
"120","MIL","Christian Yelich",377,0.7998,124.0768,0.338,1.3306,0.2259,0.9005,-0.6561,"Other"
"121","NYM","Jeff McNeil",224,0.7952,123.2844,0.328,1.3093,0.2047,0.659,-0.4551,"Other"
"122","SFG","Mike Yastrzemski",330,0.725,106.6462,0.314,1.3091,0.2703,-0.0172,0.2718,"Other"
"123","LAA","Nolan Schanuel",387,0.7632,114.0166,0.339,1.2949,1.8107,0.9922,0.6275,"Other"
"124","LAD","Tommy Edman",282,0.6935,92.4658,0.343,1.2886,0.1479,0.4421,-0.293,"Other"
"125","SFG","Heliot Ramos",404,0.7749,120.0112,0.337,1.272,0.751,0.6004,0.096,"Other"
"126","BAL","Jordan Westburg",174,0.8068,124.8487,0.355,1.2382,-0.0676,0.4448,-0.523,"Other"
"127","LAA","Jo Adell",318,0.801,121.385,0.396,1.2194,1.3437,1.3081,-0.0403,"Other"
"128","STL","Alec Burleson",308,0.8038,124.5059,0.35,1.2162,1.0887,1.0953,-0.02,"Other"
"129","HOU","Jose Altuve",388,0.7881,117.5568,0.304,1.1979,0.0114,0.0838,-0.0729,"Other"
"130","STL","Nolan Arenado",347,0.6935,93.0243,0.298,1.1833,0.6205,-0.3476,0.9284,"Other"
"131","TOR","Nathan Lukes",212,0.7813,121.7085,0.339,1.1534,0.4961,0.6382,-0.1885,"Other"
"132","SDP","Gavin Sheets",345,0.7751,119.221,0.362,1.15,1.0154,0.955,-0.0272,"Other"
"133","CLE","Daniel Schneemann",235,0.6806,91.3791,0.33,1.1499,0.4267,0.1541,0.2524,"Other"
"134","SDP","Jackson Merrill",264,0.713,103.3052,0.355,1.1487,-0.0807,0.7641,-0.8381,"Other"
"135","BOS","Romy Gonzalez",151,0.9651,157.2359,0.404,1.1417,0.6711,1.3701,-0.7617,"Other"
"136","TBR","Jake Mangum",222,0.7472,112.6524,0.309,1.1383,0.838,0.6703,0.2183,"Other"
"137","NYY","Jasson Domínguez",306,0.768,116.4222,0.324,1.1186,0.3723,0.8434,-0.4628,"Other"
"138","MIN","Ryan Jeffers",283,0.7487,112.2191,0.359,1.1077,0.0405,0.1604,-0.1168,"Other"
"139","MIN","Willi Castro",281,0.7781,119.8593,0.328,1.0954,0.107,0.6921,-0.5741,"Other"
"140","STL","Lars Nootbaar",384,0.7163,105.2671,0.331,1.0853,-0.4141,0.7086,-1.0944,"Other"
"141","MIA","Xavier Edwards",347,0.688,96.0194,0.293,1.0841,0.1067,-0.4932,0.5968,"Other"
"142","MIL","Rhys Hoskins",318,0.7671,115.495,0.328,1.0794,0.5824,0.4119,0.2224,"Other"
"143","ATH","Nick Kurtz",227,0.8731,133.9288,0.357,1.0586,0.7282,0.2576,0.4612,"Other"
"144","COL","Ryan McMahon",369,0.6936,82.8038,0.333,1.0257,-1.9781,-1.0881,-0.8978,"Other"
"145","CHW","Mike Tauchman",178,0.8301,134.4918,0.342,1.0219,0.9701,1.2045,-0.2294,"Other"
"146","PHI","Bryson Stott",340,0.6465,81.8834,0.307,1.0203,0.1006,-0.9199,1.0163,"Other"
"147","CIN","Jose Trevino",183,0.7716,108.2906,0.282,1.0201,-0.4412,-0.0694,-0.407,"Other"
"148","SEA","Jorge Polanco",286,0.7756,121.0105,0.355,1.0178,1.6767,0.7525,0.8233,"Other"
"149","TOR","Andrés Giménez",238,0.6219,77.8285,0.324,1.0101,0.1379,-0.2902,0.4408,"Other"
"150","MIA","Dane Myers",209,0.7136,100.0784,0.329,1.0043,-0.6508,-0.4081,-0.1385,"Other"
"151","TBR","José Caballero",240,0.6353,83.9853,0.286,1.0008,-0.4196,-0.2026,-0.1543,"Other"
"152","BAL","Jackson Holliday",365,0.7272,104.1179,0.335,0.9928,-0.5848,-0.4585,-0.2001,"Other"
"153","PHI","J.T. Realmuto",316,0.6842,91.006,0.323,0.9879,-0.9744,-0.4937,-0.5072,"Other"
"154","ARI","Pavin Smith",264,0.8172,129.6342,0.332,0.9741,0.2283,0.7739,-0.5162,"Other"
"155","BAL","Adley Rutschman",276,0.6907,97.2278,0.35,0.9701,-0.7063,-0.195,-0.6116,"Other"
"156","PIT","Ke'Bryan Hayes",342,0.5782,61.0163,0.284,0.9634,-1.8343,-1.8005,0.1653,"Other"
"157","NYM","Brett Baty",238,0.6971,97.0847,0.329,0.9552,-0.1846,0.0397,-0.224,"Other"
"158","- - -","Kody Clemens",164,0.7806,114.2368,0.367,0.9076,0.5206,0.1503,0.386,"Other"
"159","LAA","Mike Trout",290,0.8132,120.592,0.398,0.9003,0.3842,0.8296,-0.4586,"Other"
"160","CHW","Chase Meidroth",287,0.6352,85.0016,0.306,0.8799,-0.5116,-0.774,0.2457,"Other"
"161","CLE","Carlos Santana",352,0.6885,97.3579,0.308,0.876,-0.1368,0.3577,-0.494,"Other"
"162","MIN","Carlos Correa",318,0.6865,90.7415,0.32,0.8743,-1.9216,-0.6613,-1.2913,"Other"
"163","NYY","Anthony Volpe",378,0.6772,88.2539,0.309,0.8372,-1.9976,-0.8649,-1.1619,"Other"
"164","ATH","Shea Langeliers",263,0.7199,93.0774,0.317,0.8353,-1.0406,-0.4712,-0.5388,"Other"
"165","CLE","Gabriel Arias",281,0.6615,86.2986,0.3,0.8314,-0.2756,-0.871,0.5905,"Other"
"166","CHC","Ian Happ",394,0.6959,100.1758,0.341,0.8299,0.1866,0.1189,0.0805,"Other"
"167","ATL","Marcell Ozuna",384,0.7483,114.3591,0.374,0.8067,-0.3506,0.4357,-0.7734,"Other"
"168","ARI","Lourdes Gurriel Jr.",376,0.7227,98.3115,0.314,0.7966,-0.9852,-0.0328,-1.0023,"Other"
"169","CHW","Lenyn Sosa",289,0.7217,98.478,0.326,0.7962,-0.8921,0.2899,-1.194,"Other"
"170","TBR","Josh Lowe",207,0.7338,106.6568,0.347,0.7906,-0.1624,0.4315,-0.6044,"Other"
"171","WSN","Alex Call",212,0.7759,123.1982,0.329,0.7854,-0.6557,0.399,-0.9918,"Other"
"172","NYM","Luis Torrens",186,0.5873,70.8193,0.369,0.7792,-0.6506,-0.7596,0.0448,"Other"
"173","KCR","Vinnie Pasquantino",396,0.7716,110.4012,0.337,0.7784,0.7626,0.7282,0.0478,"Other"
"174","CIN","Matt McLain",348,0.6273,74.2964,0.299,0.7745,-2.8233,-1.5576,-1.3833,"Other"
"175","ARI","Alek Thomas",273,0.6734,86.86,0.297,0.7739,-0.58,-0.7714,0.1309,"Other"
"176","DET","Kerry Carpenter",280,0.7795,114.2948,0.344,0.7724,0.0528,1.5268,-1.4605,"Other"
"177","MIA","Liam Hicks",193,0.7637,116.9772,0.332,0.7642,0.0791,0.0794,-0.0018,"Other"
"178","BAL","Cedric Mullins",306,0.7143,100.5168,0.299,0.7513,0.5793,0.0151,0.6088,"Other"
"179","CLE","Bo Naylor",240,0.6336,79.1433,0.297,0.7383,-0.6848,-0.8771,0.2141,"Other"
"180","COL","Jordan Beck",333,0.7664,99.9577,0.326,0.703,-1.0414,-0.2429,-0.7579,"Other"
"181","CIN","Austin Hays",184,0.8186,117.573,0.329,0.7004,-0.8356,0.0147,-0.8728,"Other"
"182","- - -","Matt Thaiss",170,0.658,95.8387,0.295,0.6961,0.1982,0.1411,0.0521,"Other"
"183","TOR","Myles Straw",184,0.6054,69.8719,0.295,0.6957,-0.5121,-0.6659,0.1259,"Other"
"184","BAL","Ramón Urías",252,0.6637,84.5505,0.299,0.6956,-0.0268,-0.3073,0.28,"Other"
"185","TEX","Adolis García",364,0.6757,85.6289,0.335,0.687,-0.6248,-0.764,0.1627,"Other"
"186","MIA","Jesús Sánchez",287,0.7209,100.0956,0.351,0.6584,0.4079,0.0848,0.3147,"Other"
"187","COL","Mickey Moniak",244,0.8231,111.1589,0.332,0.6361,-0.49,-0.1403,-0.3401,"Other"
"188","PHI","Brandon Marsh",217,0.7053,98.2572,0.34,0.6322,-0.7277,-0.2067,-0.5315,"Other"
"189","HOU","Victor Caratini",229,0.7501,106.8918,0.327,0.6314,-1.2432,0.0593,-1.2913,"Other"
"190","TBR","Danny Jansen",230,0.6907,96.2278,0.305,0.6022,0.2244,-0.1579,0.3822,"Other"
"191","TEX","Josh Jung",297,0.6484,81.2192,0.314,0.6012,-1.6234,-0.7841,-0.8153,"Other"
"192","COL","Tyler Freeman",179,0.8598,132.8248,0.368,0.5842,-0.5708,0.3056,-0.8622,"Other"
"193","SEA","Ben Williamson",248,0.6106,77.7253,0.257,0.5438,-0.7259,-0.87,0.1149,"Other"
"194","KCR","Freddy Fermin",176,0.6855,89.8119,0.291,0.5347,-0.8671,-0.7205,-0.1747,"Other"
"195","CIN","Tyler Stephenson",213,0.6963,89.8371,0.299,0.5322,-1.1616,-0.5861,-0.708,"Other"
"196","CHW","Miguel Vargas",375,0.6819,90.2774,0.314,0.5245,-0.8086,-0.4647,-0.3027,"Other"
"197","CHW","Michael A. Taylor",193,0.6922,90.7228,0.322,0.5062,-1.0406,-0.2148,-0.8638,"Other"
"198","NYM","Tyrone Taylor",266,0.5802,65.2376,0.303,0.4786,-0.2978,-1.0777,0.7528,"Other"
"199","KCR","Kyle Isbel",244,0.6268,66.9112,0.247,0.4786,-1.0725,-0.7883,-0.2978,"Other"
"200","PIT","Isiah Kiner-Falefa",292,0.6448,79.8056,0.278,0.467,-0.6266,-0.5482,-0.0271,"Other"
"201","ATL","Eli White",189,0.6639,82.0102,0.316,0.4538,-1.7064,-0.827,-0.7228,"Other"
"202","TBR","Kameron Misner",217,0.6183,72.9257,0.246,0.4487,-0.5157,-0.9197,0.3718,"Other"
"203","CIN","Spencer Steer",343,0.7144,94.7888,0.285,0.4428,-0.2237,-0.2837,0.0276,"Other"
"204","ATH","Luis Urías",259,0.6831,90.085,0.31,0.4215,0.7416,-0.032,0.797,"Other"
"205","MIN","Ty France",346,0.6718,89.8177,0.34,0.4117,0.2808,-1.0859,1.3902,"Other"
"206","WSN","Jacob Young",219,0.5808,68.0082,0.297,0.4056,-1.3858,-1.4358,-0.053,"Other"
"207","NYM","Starling Marte",188,0.7394,116.1617,0.331,0.3995,0.3699,0.1259,0.2391,"Other"
"208","TBR","Chandler Simpson",196,0.6956,97.3165,0.308,0.3944,0.411,0.2931,0.117,"Other"
"209","LAD","Teoscar Hernández",302,0.7607,109.7774,0.349,0.3933,0.9798,0.2521,0.7161,"Other"
"210","STL","Pedro Pagés",242,0.5973,66.971,0.255,0.3805,-0.9961,-1.0008,-0.0907,"Other"
"211","ATL","Ozzie Albies",395,0.6086,72.631,0.291,0.3634,-2.612,-0.7462,-1.5767,"Other"
"212","STL","Nolan Gorman",222,0.6969,96.0713,0.342,0.3613,-0.2351,-0.047,-0.1797,"Other"
"213","MIL","Joey Ortiz",315,0.5642,60.4548,0.282,0.3566,-1.1608,-1.6688,0.4322,"Other"
"214","SFG","Tyler Fitzgerald",222,0.6204,77.0904,0.256,0.3552,-0.9221,-1.1587,0.2739,"Other"
"215","PHI","Johan Rojas",156,0.5851,62.3575,0.268,0.3412,-0.7809,-0.7838,-0.0867,"Other"
"216","PIT","Andrew McCutchen",336,0.7261,103.0373,0.347,0.3404,-1.3055,-0.1509,-1.1984,"Other"
"217","PHI","Max Kepler",310,0.6805,90.2858,0.323,0.3145,-0.2591,-0.3455,0.0881,"Other"
"218","MIA","Agustín Ramírez",292,0.7602,106.2381,0.353,0.2969,-0.5001,-0.1314,-0.3443,"Other"
"219","MIN","Matt Wallner",194,0.7368,104.0764,0.327,0.2926,-1.1527,-0.1749,-1.0927,"Other"
"220","SEA","Miles Mastrobuoni",162,0.6095,82.7449,0.332,0.274,0.4064,-0.5644,0.9084,"Other"
"221","TBR","Taylor Walls",251,0.5795,64.3271,0.269,0.2664,0.208,-0.7931,0.9635,"Other"
"222","SFG","Wilmer Flores",342,0.7027,102.278,0.284,0.2608,0.9964,-0.1611,1.0403,"Other"
"223","CLE","Angel Martínez",276,0.6674,83.159,0.261,0.2586,-0.3648,-0.8565,0.4843,"Other"
"224","KCR","Salvador Perez",374,0.715,91.2106,0.36,0.2561,-0.7814,-0.5888,-0.1543,"Other"
"225","TBR","Christopher Morel",184,0.7181,101.4081,0.325,0.254,-0.3121,0.0803,-0.374,"Other"
"226","MIN","Trevor Larnach",358,0.7366,104.2742,0.322,0.2469,0.2991,1.0228,-0.71,"Other"
"227","WSN","Luis García Jr.",319,0.6968,92.9844,0.363,0.2395,0.5955,-0.1453,0.7348,"Other"
"228","CLE","Nolan Jones",251,0.6579,88.1217,0.34,0.2318,-0.6937,-0.4391,-0.2443,"Other"
"229","NYM","Luisangel Acuña",162,0.5609,63.4763,0.278,0.2267,-1.0137,-1.1964,0.0955,"Other"
"230","MIA","Connor Norby",273,0.653,80.6303,0.314,0.22,-1.0956,-0.8127,-0.2841,"Other"
"231","CLE","Kyle Manzardo",293,0.7116,97.1231,0.309,0.2144,-0.5752,0.1393,-0.6941,"Other"
"232","PIT","Joey Bart",215,0.6137,78.2968,0.313,0.2019,-1.1452,-0.8915,-0.1255,"Other"
"233","LAA","Logan O'Hoppe",292,0.7017,91.3534,0.324,0.1642,-1.5428,-1.0439,-0.3745,"Other"
"234","SEA","Dylan Moore",186,0.6706,91.618,0.286,0.16,-1.5255,-0.2202,-1.0478,"Other"
"235","SEA","Donovan Solano",152,0.6482,87.6035,0.274,0.1549,-1.2435,-0.3748,-0.8252,"Other"
"236","CIN","Santiago Espinal",272,0.5976,64.9799,0.263,0.1329,-2.1062,-0.9573,-1.2484,"Other"
"237","CHW","Edgar Quero",206,0.6847,96.9667,0.297,0.1289,-0.4158,-0.2925,-0.0897,"Other"
"238","PIT","Adam Frazier",261,0.6568,82.4035,0.281,0.1275,-0.1748,-0.8722,0.7209,"Other"
"239","HOU","Christian Walker",368,0.6763,89.2946,0.317,0.1208,-0.3895,-0.0981,-0.2996,"Other"
"240","HOU","Yainer Diaz",335,0.6812,87.2954,0.336,0.1144,-1.4969,-0.3304,-1.2745,"Other"
"241","PIT","Tommy Pham",230,0.6551,83.1974,0.289,0.087,-0.5523,-0.3413,-0.1695,"Other"
"242","CIN","Gavin Lux",306,0.7261,103.8231,0.302,0.0852,0.1998,0.0445,0.1687,"Other"
"243","WSN","José Tena",154,0.6896,95.383,0.32,0.0822,-0.3672,-0.1568,-0.2166,"Other"
"244","PIT","Spencer Horwitz",171,0.6502,79.4338,0.299,0.0817,-0.8441,-0.7136,-0.0897,"Other"
"245","MIN","Brooks Lee",290,0.6741,86.1641,0.286,0.0787,0.3597,-0.2596,0.6355,"Other"
"246","TEX","Jonah Heim",275,0.6194,71.3883,0.273,0.0723,-0.3488,-0.6484,0.2755,"Other"
"247","BOS","Abraham Toro",190,0.7516,103.3215,0.315,0.069,0.412,0.2586,0.1717,"Other"
"248","SEA","Mitch Garver",166,0.642,91.3708,0.294,0.0638,-0.647,-0.2612,-0.3326,"Other"
"249","CHW","Luis Robert Jr.",299,0.5964,64.7899,0.315,0.0619,-1.3311,-0.3869,-0.7609,"Other"
"250","MIA","Javier Sanoja",193,0.6118,67.6115,0.289,0.0516,0.0475,-0.5895,0.6318,"Other"
"251","WSN","Dylan Crews",173,0.6203,74.1259,0.343,0.0363,-0.0158,-0.54,0.5246,"Other"
"252","DET","Trey Sweeney",244,0.5993,69.2295,0.268,0.0351,-0.5923,-0.8163,0.1346,"Other"
"253","ARI","Tim Tawa",173,0.6165,69.114,0.3,0.0334,-1.5481,-0.7059,-0.8093,"Other"
"254","ARI","Jose Herrera",155,0.5594,63.2181,0.25,0.0134,-0.1393,-0.1773,0.0172,"Other"
"255","ARI","Randal Grichuk",171,0.7491,100.5602,0.352,0.002,0.0609,-0.0837,0.1489,"Other"
"256","CHC","Matt Shaw",231,0.5586,61.4218,0.302,-0.0072,-1.158,-0.9205,-0.4193,"Other"
"257","SDP","Luis Arraez",384,0.7096,101.6354,0.285,-0.0196,0.372,-0.61,0.9657,"Other"
"258","PHI","Nick Castellanos",382,0.7618,109.5414,0.338,-0.0386,-2.0045,0.2023,-2.0727,"Other"
"259","TEX","Kyle Higashioka",171,0.6363,79.269,0.284,-0.0612,-0.3262,-0.4547,0.1178,"Other"
"260","LAD","Enrique Hernández",186,0.6263,74.3145,0.314,-0.0832,-1.2257,-0.8015,-0.5607,"Other"
"261","CIN","Will Benson",168,0.691,83.8191,0.369,-0.0875,0.074,-0.1417,0.2263,"Other"
"262","ATH","Miguel Andujar",189,0.7016,90.0154,0.292,-0.1215,-0.452,-0.4327,-0.0311,"Other"
"263","ATH","Max Muncy",195,0.6765,81.71,0.28,-0.1677,-0.7267,-0.5318,-0.3889,"Other"
"264","PIT","Alexander Canario",162,0.6212,73.2114,0.313,-0.1773,-0.3777,-0.7304,0.3715,"Other"
"265","MIN","Christian Vázquez",159,0.489,37.403,0.262,-0.1863,-1.3783,-1.2805,-0.1423,"Other"
"266","BOS","Kristian Campbell",263,0.6644,85.5722,0.296,-0.2003,-0.8508,-0.8781,0.0812,"Other"
"267","SDP","Elias Díaz",201,0.5667,64.9079,0.245,-0.2012,-2.3196,-1.1911,-1.0608,"Other"
"268","CHW","Andrew Benintendi",262,0.6857,86.1202,0.331,-0.2492,0.3207,0.1871,0.1128,"Other"
"269","WSN","Nathaniel Lowe",393,0.6983,95.1323,0.308,-0.2964,0.6101,-0.6738,1.2782,"Other"
"270","BAL","Ryan Mountcastle",200,0.6276,74.131,0.32,-0.3258,-0.192,-0.2185,0.004,"Other"
"271","NYY","Oswald Peraza",155,0.4845,35.8821,0.283,-0.3326,-1.1618,-1.2309,-0.3382,"Other"
"272","SEA","Rowdy Tellez",185,0.6822,91.5327,0.347,-0.3708,-0.6409,0.0525,-0.6746,"Other"
"273","KCR","Jonathan India",379,0.6664,87.2456,0.34,-0.3739,-1.7273,-1.4714,-0.3188,"Other"
"274","MIA","Eric Wagaman",344,0.6483,78.2113,0.317,-0.3886,-2.2811,-1.539,-0.716,"Other"
"275","PIT","Jared Triolo",160,0.5194,44.2566,0.307,-0.3926,-0.8021,-0.963,0.2213,"Other"
"276","TEX","Jake Burger",285,0.6619,81.4202,0.322,-0.4219,-1.3861,-0.913,-0.5254,"Other"
"277","WSN","Josh Bell",318,0.6787,91.6753,0.344,-0.4341,-1.5964,-0.6597,-1.0436,"Other"
"278","LAA","Jorge Soler",296,0.657,82.8619,0.294,-0.4621,0.1257,-0.5261,0.6453,"Other"
"279","CHW","Brooks Baldwin",169,0.6282,72.3931,0.295,-0.4771,-1.2696,-0.8306,-0.3732,"Other"
"280","NYM","Mark Vientos",247,0.6249,78.4527,0.291,-0.4831,-0.606,-0.7223,0.1372,"Other"
"281","ATH","JJ Bleday",233,0.6454,76.8296,0.273,-0.4916,-1.5225,-0.6611,-0.9316,"Other"
"282","ATL","Michael Harris II",360,0.5415,45.0212,0.292,-0.5028,-0.9162,-2.581,1.7743,"Other"
"283","LAD","Michael Conforto",300,0.6097,77.2646,0.34,-0.5181,-0.7343,-0.7708,-0.0797,"Other"
"284","SDP","Jose Iglesias",199,0.5585,64.7296,0.271,-0.589,0.4115,-0.6699,1.0333,"Other"
"285","KCR","Drew Waters",219,0.6032,65.2189,0.268,-0.592,-0.8139,-1.0156,0.2276,"Other"
"286","PIT","Bryan Reynolds",383,0.655,79.6746,0.353,-0.6572,-2.7417,-1.5803,-1.0244,"Other"
"287","LAA","Luis Rengifo",327,0.5963,64.4955,0.313,-0.6615,-1.3688,-1.4282,0.1218,"Other"
"288","- - -","Leody Taveras",180,0.5301,46.9197,0.24,-0.7476,-0.722,-1.0687,0.4007,"Other"
"289","COL","Brenton Doyle",323,0.5805,47.2986,0.308,-0.7626,-2.3916,-1.7025,-0.5734,"Other"
"290","COL","Kyle Farmer",217,0.6012,52.8628,0.262,-0.7726,-2.0196,-1.3703,-0.5717,"Other"
"291","STL","Jordan Walker",191,0.5625,59.9312,0.279,-0.8412,-0.7116,-0.9903,0.3157,"Other"
"292","TOR","Anthony Santander",209,0.5771,62.6314,0.274,-0.848,-1.2114,-0.7718,-0.3021,"Other"
"293","ATL","Alex Verdugo",213,0.5851,66.6305,0.312,-0.8893,-0.6108,-1.0783,0.5097,"Other"
"294","WSN","Keibert Ruiz",267,0.5948,65.946,0.287,-0.9504,-0.8621,-0.8507,-0.0384,"Other"
"295","CHW","Josh Rojas",174,0.4921,38.1966,0.262,-1.0061,-1.6003,-1.2246,-0.3371,"Other"
"296","- - -","Andrew Vaughn",205,0.5829,57.7911,0.332,-1.0822,-0.492,-1.1227,0.6551,"Other"
"297","KCR","Michael Massey",209,0.4787,25.0472,0.243,-1.1313,-2.3841,-2.1748,-0.2987,"Other"
"298","BAL","Heston Kjerstad",167,0.5664,56.4742,0.303,-1.1882,-1.9381,-0.9469,-0.9256,"Other"
"299","COL","Michael Toglia",297,0.653,66.5076,0.285,-1.3658,-1.389,-0.7548,-0.5265,"Other"
"300","- - -","LaMonte Wade Jr.",216,0.5183,51.324,0.282,-1.3757,-1.2695,-0.9495,-0.1177,"Other"
